"","logFC","logCPM","PValue","FDR"
"ENSG00000120833",-3.02727781155954,4.45630147579304,5.76342720910597e-18,1.24178802647397e-13
"ENSG00000122884",-2.30694681627402,4.75324032263182,4.1600403987867e-15,4.48161152161291e-11
"ENSG00000134769",1.66816798638042,1.53774047706801,2.02214683111789e-13,1.45230585410887e-09
"ENSG00000132481",1.11073679247584,2.54663570352917,1.15242349899654e-12,6.20752917734485e-09
"ENSG00000248810",2.75136258726041,1.74369370106459,2.21237829053049e-12,9.53358052955397e-09
"ENSG00000258498",-2.4305002583919,1.24863567081251,2.9349171441124e-12,1.05392874645076e-08
"ENSG00000264316",4.29110194639372,6.1350471301038,5.50024898413902e-12,1.69297663731799e-08
"ENSG00000237768",-2.528528702403,2.24573128308331,6.5997242335051e-12,1.77747072918876e-08
"ENSG00000155380",-1.28667107385541,5.12648189004091,2.65038721626719e-11,6.34502699574366e-08
"ENSG00000143507",-1.14512553760573,5.01838409055349,5.42387168810731e-11,1.1686273939196e-07
"ENSG00000060566",-0.717111580333109,5.44591456371651,7.96295311204085e-11,1.55972534320029e-07
"ENSG00000165704",-0.886082479381294,4.44198381205388,1.13506915253896e-10,2.0380166633837e-07
"ENSG00000011295",-0.834814040152638,5.78835634589111,2.60362888259628e-10,4.31521445418611e-07
"ENSG00000140465",-3.43097187190301,4.63235091893893,5.72167567318057e-10,8.27998384354278e-07
"ENSG00000134986",-1.10942481351532,4.70904571501686,5.76439977968726e-10,8.27998384354278e-07
"ENSG00000129422",-0.685060713513198,5.04867805562396,8.18812125433178e-10,1.10263287841145e-06
"ENSG00000246859",-1.09756527486259,4.60498332665407,1.37956590888228e-09,1.74847806310457e-06
"ENSG00000135750",-1.19390787101941,2.32827260895522,3.4227494588363e-09,4.09703110222705e-06
"ENSG00000253196",-1.36647708835221,2.74817308477676,3.98726544531783e-09,4.52155901499042e-06
"ENSG00000251443",-2.4800579826711,0.519105026665766,4.63832152484989e-09,4.99686377872078e-06
"ENSG00000102858",0.595728898986537,2.80339897853774,5.231092929392e-09,5.3671013455562e-06
"ENSG00000121690",-0.821091121628618,5.13056770562352,7.1251587368986e-09,6.76939273224117e-06
"ENSG00000115129",1.22725564982591,2.77356644867581,7.22621520660665e-09,6.76939273224117e-06
"ENSG00000146678",-1.81720321191125,8.40506475189797,8.72513722014052e-09,7.54366103464156e-06
"ENSG00000158445",1.5620270010755,1.41670190308771,8.75297158943837e-09,7.54366103464156e-06
"ENSG00000093010",0.532592611384716,6.98713437452412,1.05073720307159e-08,8.70737837591556e-06
"ENSG00000147894",-0.978825179675385,2.96258131713963,1.14774302422649e-08,9.11722337245316e-06
"ENSG00000160180",-4.01534827581906,4.63617498199874,1.18482434989645e-08,9.11722337245316e-06
"ENSG00000083857",0.888819089325242,2.68295084274776,1.25104051727983e-08,9.12173283441616e-06
"ENSG00000101605",-1.29903384306997,3.57731482617077,1.27008254447454e-08,9.12173283441616e-06
"ENSG00000159216",1.32876073168075,3.78151065988572,1.44745138140729e-08,9.83932109471699e-06
"ENSG00000095917",3.44806369016327,-0.627220044570623,1.46133052553116e-08,9.83932109471699e-06
"ENSG00000237674",-0.968169086452332,2.03655325637412,1.61874324266609e-08,1.03062859759091e-05
"ENSG00000180875",-0.746250967819014,4.36577557990211,1.62635163455355e-08,1.03062859759091e-05
"ENSG00000169688",3.61680622142881,1.32027997043656,1.9416557285767e-08,1.19528326651182e-05
"ENSG00000115457",-2.10562796315715,7.07513135315825,2.01221209707016e-08,1.20430894009649e-05
"ENSG00000168952",-1.27775422089689,1.83551052447993,3.10814204850779e-08,1.80994671830132e-05
"ENSG00000249502",-0.493437300009788,6.26824041795374,3.42303446813641e-08,1.94086054343335e-05
"ENSG00000023330",-0.987121458517579,7.31952566157349,3.89740173118236e-08,2.15316455641167e-05
"ENSG00000116194",-0.935951534936586,3.47559886691164,4.17301286251006e-08,2.24779337839104e-05
"ENSG00000105976",-0.719258669994471,5.05775277320112,5.21533520177579e-08,2.74072225018198e-05
"ENSG00000246985",-2.13697275653246,1.31569133212716,6.10946932250998e-08,3.13415776244762e-05
"ENSG00000180425",-0.575740317378576,4.46320153521022,6.27299036169742e-08,3.14320582170076e-05
"ENSG00000141027",-0.588724432299879,6.12621911593985,7.09506719126752e-08,3.47432540234204e-05
"ENSG00000267250",-1.93229769883586,0.422486920037796,7.26876354448564e-08,3.48028398509972e-05
"ENSG00000087074",-1.75081552315316,3.59658812420962,7.81386457089433e-08,3.59982450366722e-05
"ENSG00000144891",-0.642844208663553,5.30296453100717,7.85258292362198e-08,3.59982450366722e-05
"ENSG00000165507",-1.77213331737821,6.38771852740605,8.06321378292212e-08,3.61937508680917e-05
"ENSG00000152766",-3.4376000826287,0.451962191531607,8.32902162561184e-08,3.66238979480475e-05
"ENSG00000234380",2.05948365122474,0.187427481560417,1.05914791376352e-07,4.56408018998978e-05
"ENSG00000148057",-0.648043908178501,5.54002412750541,1.10446120006252e-07,4.61610943471934e-05
"ENSG00000169252",-1.42238018857708,3.15316215858863,1.16479975496608e-07,4.61610943471934e-05
"ENSG00000139269",1.08089167549639,5.2291285631332,1.18562973201864e-07,4.61610943471934e-05
"ENSG00000136997",-2.37566833459941,2.78904713466534,1.19575028308464e-07,4.61610943471934e-05
"ENSG00000170323",2.86070949106945,1.80012625770601,1.2129919775133e-07,4.61610943471934e-05
"ENSG00000161217",-0.715693300795258,5.16219388990956,1.21853105123408e-07,4.61610943471934e-05
"ENSG00000203434",5.64437735093382,-1.11388654826152,1.22119297214797e-07,4.61610943471934e-05
"ENSG00000196177",-0.743785315577228,7.80068168946402,1.28408955985731e-07,4.77017132011822e-05
"ENSG00000101213",1.32013489173474,1.09899772887367,1.39125494925327e-07,5.08067442993406e-05
"ENSG00000197253",2.87152581163685,2.11355868432183,1.72225900531936e-07,6.18463208810182e-05
"ENSG00000143162",-0.512590642844275,7.26851878492306,2.30277453901139e-07,8.13370167500644e-05
"ENSG00000161243",0.941860048263467,2.08141924001404,2.61321672737409e-07,8.90313753600863e-05
"ENSG00000146411",-1.06737377163675,2.04050093283177,2.64414045574969e-07,8.90313753600863e-05
"ENSG00000145545",-0.563758237593248,4.91012192201397,2.6445781226425e-07,8.90313753600863e-05
"ENSG00000185924",0.796396178613862,2.4214295990163,3.0368304240403e-07,0.000100663920486727
"ENSG00000107566",-0.545252179045778,5.44860455560774,3.08379124815749e-07,0.000100671767019396
"ENSG00000253944",-1.22993751961516,3.77541201913788,3.16440544778372e-07,0.000101761611608878
"ENSG00000137193",-1.56876361762701,3.17808071544365,3.82394956545911e-07,0.000121162966672621
"ENSG00000107551",-1.41350772024009,6.48939584758545,4.64800774113504e-07,0.000143588354677242
"ENSG00000165312",-0.981379515008461,2.43274940590925,4.66498878093704e-07,0.000143588354677242
"ENSG00000184557",-2.69429879178835,3.39359885744232,4.78318379819727e-07,0.000144046449014565
"ENSG00000219626",0.833342781655578,3.24932870759759,4.86759346988794e-07,0.000144046449014565
"ENSG00000092009",2.7551779867952,-1.31758091293983,4.88043756523869e-07,0.000144046449014565
"ENSG00000100664",-0.512676272253072,7.48076674656441,5.10504726190462e-07,0.000148639659871617
"ENSG00000165410",-0.497518564713786,5.78773060561422,5.29827645690742e-07,0.000152208886054036
"ENSG00000163959",-0.663445071725886,5.1064875458831,5.37685192927507e-07,0.000152433752194948
"ENSG00000120262",-1.71547258625417,3.56794029170668,5.7005971948407e-07,0.000159513074233815
"ENSG00000241399",-0.669514573108667,6.25357883251102,6.26484095056741e-07,0.00017206652025216
"ENSG00000172468",3.74441770763312,-0.290062984680456,6.30894602242672e-07,0.00017206652025216
"ENSG00000158806",1.8528561210898,0.120694216804422,6.82235551559312e-07,0.000183743089923712
"ENSG00000011347",1.16604780900352,5.13233147469563,6.99207312136486e-07,0.000184592200558926
"ENSG00000164626",1.13147692517576,2.69754223714662,7.02522994794018e-07,0.000184592200558926
"ENSG00000166900",0.822158305901073,2.69939562641379,8.14333027291883e-07,0.000211393004891939
"ENSG00000106384",0.909346231150405,2.03419734932424,8.58712763953801e-07,0.00022025982395415
"ENSG00000266258",-1.05556699671486,2.32382481358292,8.9571165754582e-07,0.000227047098511556
"ENSG00000267057",-4.16454947032577,0.179152903072009,9.06637752445746e-07,0.000227144383886
"ENSG00000262445",1.16805719316354,-0.167277145854685,1.01980757532768e-06,0.000252560620896668
"ENSG00000166582",-0.473971471764074,4.40761038916397,1.10586318685501e-06,0.000270760547999751
"ENSG00000072832",1.03300608142592,2.06750345301639,1.16051136762541e-06,0.0002809480665939
"ENSG00000130158",1.07675255939829,6.32880890237724,1.21807365396167e-06,0.000291606832758423
"ENSG00000172817",-0.606262617291247,4.04467305492355,1.32375243612919e-06,0.000313423846031203
"ENSG00000176728",1.6034725308143,3.28717773712064,1.35640139625426e-06,0.000317663309605373
"ENSG00000172602",-1.50763664122259,4.31449069649316,1.42585617044112e-06,0.000330338677938971
"ENSG00000114737",-1.62990751143524,3.70883411273452,1.55192617842834e-06,0.00035572129191933
"ENSG00000266304",-1.17708501729185,1.37304809043989,1.66089052557988e-06,0.000376689971201516
"ENSG00000259848",0.960029001000441,0.325147157772978,1.70908133262247e-06,0.000383581941590455
"ENSG00000124920",0.76252169891276,1.8556456968278,1.73388983487833e-06,0.000385138045178232
"ENSG00000265399",-0.692478378186685,2.98767706288536,1.76896384414779e-06,0.000388919336591922
"ENSG00000196344",-1.68754083759081,-0.343780149972166,1.88077936381373e-06,0.000409067413469392
"ENSG00000267801",1.09502745339372,0.39751206485891,1.89857706056526e-06,0.000409067413469392
"ENSG00000223947",1.27041459705096,0.369890309215057,1.99923122910661e-06,0.000426489465963674
"ENSG00000183421",-1.15788728139422,2.97504938903121,2.04972313748983e-06,0.000432973869807411
"ENSG00000236117",-4.0851226009345,1.73502886913092,2.09587424518486e-06,0.000438424334822844
"ENSG00000259974",-0.570421398349588,6.75155137705692,2.20917410424342e-06,0.000457681396634892
"ENSG00000172059",-0.943502649264659,4.08837376960795,2.30012847725223e-06,0.000471986363532157
"ENSG00000177697",0.660462795064941,5.41149886596788,2.46401407185841e-06,0.00050084572822888
"ENSG00000123838",-0.42167454469716,9.4343478509914,2.70549724493902e-06,0.000544791062050992
"ENSG00000139631",0.490278650707697,5.12060778865845,2.77158312167997e-06,0.000548695792614307
"ENSG00000115942",-0.78766351208692,2.70207803336321,2.77582109880996e-06,0.000548695792614307
"ENSG00000223351",2.25712606515484,-0.772011476994674,2.86111911317902e-06,0.000560415203750501
"ENSG00000095794",-0.675076415849696,3.96816696423846,2.94244333139427e-06,0.000567483427695229
"ENSG00000237517",1.04924824015468,2.95807045222186,2.94988136553725e-06,0.000567483427695229
"ENSG00000134389",-0.588836731073707,6.18845570827111,3.04420221263401e-06,0.000580445848437277
"ENSG00000154511",-0.616901206721916,4.02635566738373,3.09433139532212e-06,0.00058482863371588
"ENSG00000125534",0.736151087457598,3.95317990431319,3.15578728576078e-06,0.000588905930367955
"ENSG00000141150",-2.31172533443833,0.156916221158659,3.17056938284056e-06,0.000588905930367955
"ENSG00000216522",1.11051187140533,1.81558052174023,3.22252299159037e-06,0.000593440003220565
"ENSG00000196739",0.65678939886806,3.92947008370225,3.30779872938282e-06,0.000600730877720742
"ENSG00000163075",1.49164933847629,-0.127225881808711,3.31787684251222e-06,0.000600730877720742
"ENSG00000225377",0.749269303127694,1.40863052645866,3.37442360638196e-06,0.000605877758525881
"ENSG00000164687",1.30496006710028,2.21531745013061,3.62439249373445e-06,0.000645381493140516
"ENSG00000251637",-0.563147772838345,5.24519691955411,3.65962877376735e-06,0.000646314439013044
"ENSG00000137877",1.92460614871786,-0.777775332080965,3.76691912355679e-06,0.000659853979155728
"ENSG00000104760",-0.739725878585484,9.73731041247856,3.91187159920907e-06,0.000679719237714182
"ENSG00000255462",2.48554206291209,-0.335298621315628,4.01719490022675e-06,0.000692435850562285
"ENSG00000223705",0.640980467059662,2.68069980836347,4.07252273027881e-06,0.000696401386877677
"ENSG00000144655",-1.33626139317851,3.38132936142715,4.12115392199486e-06,0.000699168365380325
"ENSG00000011198",-0.666504725273899,3.56797835337426,4.18596813940736e-06,0.000703681291975757
"ENSG00000047457",-0.522579496834606,9.60634074145173,4.21307373363374e-06,0.000703681291975757
"ENSG00000254027",1.45274964090946,0.598916712850715,4.51956070782248e-06,0.000749065038544179
"ENSG00000021852",-0.459204675927042,8.46597294529168,4.65140307180493e-06,0.000765031531184039
"ENSG00000150048",-1.70186325248466,0.585830441397915,4.76241814853854e-06,0.000777356525972814
"ENSG00000039523",0.487959434419623,2.63186582019055,4.86356568878058e-06,0.000783615543971795
"ENSG00000172236",2.5037841621647,2.10776197869268,4.87350240843871e-06,0.000783615543971795
"ENSG00000197142",-0.670945929103466,6.53240719370986,4.94781295515178e-06,0.000789670947642225
"ENSG00000100121",1.0640911990216,2.64315503626959,5.03290733467777e-06,0.000797345745830642
"ENSG00000107864",-0.586884618226064,4.62868337631559,5.15950607592381e-06,0.000811435897166821
"ENSG00000108773",0.635579912090484,2.82522938245519,5.25838413525554e-06,0.000820993801291419
"ENSG00000188681",0.702480366269071,4.03635302684274,5.68075176023574e-06,0.000880557391554238
"ENSG00000136536",-0.560984682385765,6.32841832307244,5.79844403914013e-06,0.000892380537623666
"ENSG00000129910",2.84869218482405,0.732986333049425,5.97475489279282e-06,0.000912993396596554
"ENSG00000101194",0.632938102370337,4.07739790630138,6.11540031417968e-06,0.00091664872317094
"ENSG00000198964",-0.513631162550909,4.36238144880462,6.12525322270385e-06,0.00091664872317094
"ENSG00000170485",0.921866859451424,2.12805289504377,6.14786963695043e-06,0.00091664872317094
"ENSG00000236883",-1.07817244315956,2.72454694315068,6.16885105633465e-06,0.00091664872317094
"ENSG00000183844",2.28310162548357,-0.224197397182463,6.42536542707333e-06,0.000948225503367959
"ENSG00000106546",-0.752224122583615,4.88456548338451,6.4846907722958e-06,0.000950470390339355
"ENSG00000168743",1.54998114318333,1.19892995602959,6.80948728260079e-06,0.000991332520208895
"ENSG00000088367",1.39750120340407,1.69778394806831,7.2420402425693e-06,0.00104722818165368
"ENSG00000221963",-0.478752293797588,5.80197046395437,7.29210102891044e-06,0.00104743739179269
"ENSG00000211642",-6.03959572977116,0.464775686944398,7.3531780395873e-06,0.00104921572212548
"ENSG00000224652",1.17367522195811,1.85678369712549,7.46941961897721e-06,0.00105879023099002
"ENSG00000002549",-0.425637427018206,6.79833191184285,7.72070438951554e-06,0.00108725684167648
"ENSG00000169953",2.78165929492817,-0.0522376304517271,7.85126800321021e-06,0.00109846376881277
"ENSG00000260990",-2.55607814667594,-1.24000031882163,7.94121009980761e-06,0.00110138543597212
"ENSG00000248709",-0.926621142311058,4.12688845983343,7.97438633675163e-06,0.00110138543597212
"ENSG00000122574",1.02247234158936,0.459130969886865,8.21367884130662e-06,0.00112720970901142
"ENSG00000188313",-0.575190623388811,4.11720947984103,8.37019451893698e-06,0.00114141905762668
"ENSG00000137801",-1.33292047226606,3.92281715165717,8.52211971374527e-06,0.00115482761856827
"ENSG00000197747",0.545596216522568,5.89723014589667,8.80604019518838e-06,0.00118584338778456
"ENSG00000177426",-0.569414189542779,3.78908234459258,8.94502721924729e-06,0.00119707799047144
"ENSG00000115415",-0.669588859414967,5.15707663479378,9.00281579995978e-06,0.00119737450139465
"ENSG00000166272",-0.468452006701234,4.04215327075146,9.35007928327317e-06,0.00123593133887978
"ENSG00000009307",-0.306370804497993,6.30907602282443,9.53184196839858e-06,0.00125227479909217
"ENSG00000184731",-0.726857692550921,3.13544158363618,9.60864732891436e-06,0.00125471463847751
"ENSG00000261275",2.69623815228801,-1.30576361281585,9.73685275983651e-06,0.00126379656363517
"ENSG00000115041",1.13126369626674,-0.106649093309519,9.88888221630366e-06,0.00127584345049388
"ENSG00000182118",-0.569710160983758,3.02788490757226,1.02025318248896e-05,0.00130847470654209
"ENSG00000205360",1.49381230634235,-0.347168047395354,1.03192823659264e-05,0.00131561691039201
"ENSG00000171867",-0.556072124499367,4.85302597216732,1.04357895822088e-05,0.00132264424904866
"ENSG00000101577",-0.619382762669493,6.00946568080766,1.05433406490729e-05,0.00132846092178318
"ENSG00000211626",4.63481439285417,-1.32072885848942,1.06298958578822e-05,0.00133157986136006
"ENSG00000186275",0.514107240187452,5.917202190247,1.13333093774856e-05,0.00141148834593817
"ENSG00000230945",4.27933509878206,-1.81985280213633,1.18665954700051e-05,0.00146941187354442
"ENSG00000137474",0.623806889431192,3.03590698331692,1.20072398377502e-05,0.00147833136882381
"ENSG00000231010",0.770733048231547,1.62191412777515,1.26439412103221e-05,0.00154787703021364
"ENSG00000122417",0.753472016692327,1.97756768731316,1.28476803169953e-05,0.0015639328819773
"ENSG00000185630",0.951106482387668,2.98153457246559,1.33509234816387e-05,0.00161606178278307
"ENSG00000260866",1.50886296262517,0.645811345894091,1.35083529425938e-05,0.00162598308659847
"ENSG00000124767",-0.397029308613032,6.46776269891054,1.4169857653248e-05,0.0016884822970041
"ENSG00000139211",-1.0790698168635,0.964241354854227,1.41843170777751e-05,0.0016884822970041
"ENSG00000234964",1.34656617819956,1.14596372129673,1.43037813287255e-05,0.00169334765114681
"ENSG00000213977",0.699975221519218,0.909412290492162,1.49161453522055e-05,0.00175348254287128
"ENSG00000163293",-0.486761379798644,5.16230137371028,1.49745097878175e-05,0.00175348254287128
"ENSG00000186472",1.08805119186488,0.587881829033928,1.51823981571634e-05,0.0017682159496986
"ENSG00000136689",-1.19989470025297,4.85799400676737,1.56762324924103e-05,0.00181591454452405
"ENSG00000168785",-1.40289350588174,0.931954280840566,1.63333005770653e-05,0.00185042631583814
"ENSG00000185168",0.932276319896792,0.394445325726468,1.6379879901813e-05,0.00185042631583814
"ENSG00000267423",-3.98637943263976,-1.31426028662688,1.64264166165689e-05,0.00185042631583814
"ENSG00000267824",0.787171016356951,1.02011932098856,1.64318809589068e-05,0.00185042631583814
"ENSG00000187323",0.662232524966392,1.04316788693361,1.64835694769635e-05,0.00185042631583814
"ENSG00000169439",-0.532658765024322,8.03946055506647,1.65237956217094e-05,0.00185042631583814
"ENSG00000185950",-0.79657920786648,4.77456785396849,1.65753401539386e-05,0.00185042631583814
"ENSG00000258561",-0.688713922149066,3.2324960095466,1.70304507373592e-05,0.00189143346178939
"ENSG00000072274",-1.14670696639831,4.06924478270775,1.7153273086516e-05,0.00189530472780551
"ENSG00000227403",-1.08477632478673,0.76601070060092,1.74158739833071e-05,0.00191422822053515
"ENSG00000152782",-0.482647910042192,6.2116411981804,1.75022259094693e-05,0.00191422822053515
"ENSG00000173598",-0.61233065095057,5.23454471519983,1.7933807364928e-05,0.00195152431052899
"ENSG00000256422",1.35047743604691,0.958592068971149,1.88440318061159e-05,0.0020402688909275
"ENSG00000095585",-0.533854801492805,4.41552828204637,1.92038429704551e-05,0.00206883000320713
"ENSG00000211639",5.98890566740864,0.220372896521255,1.93967034528942e-05,0.00207921080893562
"ENSG00000163060",1.51993435748016,-0.621150737671256,1.9616550169368e-05,0.00209236727697625
"ENSG00000148180",1.09691768041294,4.47325697521722,1.98208241195344e-05,0.00210374126344576
"ENSG00000244020",1.35819967615635,2.29921103666211,1.99946017051349e-05,0.00211178278597469
"ENSG00000113721",0.774273147884326,2.6317654214332,2.04475058143873e-05,0.0021490827330575
"ENSG00000185518",1.45203411600507,0.108299767205288,2.06665891980518e-05,0.00216156471291856
"ENSG00000205358",1.29620189113843,9.08904572515367,2.20548133423289e-05,0.00229561839745806
"ENSG00000104635",-0.447360798563289,7.53927167546964,2.29535998902032e-05,0.0023776839578573
"ENSG00000198515",-0.45169867750622,4.56572192456691,2.32175963619191e-05,0.00239352311585602
"ENSG00000198542",1.71058446574042,2.99439258549682,2.37879822134672e-05,0.00244064697510173
"ENSG00000160796",0.764788398298583,1.12272273076881,2.40976874118059e-05,0.00246070508518848
"ENSG00000019102",1.98012164245201,-0.16235461854712,2.42947627015234e-05,0.00246565670648457
"ENSG00000116044",-0.511750996042141,5.70373031076288,2.44754599526699e-05,0.00246565670648457
"ENSG00000017427",-1.02285912892588,6.03110064354899,2.4593130020132e-05,0.00246565670648457
"ENSG00000178297",0.653907107186494,2.26138453044077,2.4603926106664e-05,0.00246565670648457
"ENSG00000166796",1.74379215886132,-0.234258718630472,2.54186035273653e-05,0.00252826369068573
"ENSG00000039537",-0.420130242961638,8.12914465707296,2.55206225259641e-05,0.00252826369068573
"ENSG00000126838",-1.57082689765908,5.97479884680953,2.55806871145219e-05,0.00252826369068573
"ENSG00000122678",0.773079746380393,2.14941029242267,2.62960486473661e-05,0.00258709892308744
"ENSG00000119711",-0.44758612323416,8.22494131946425,2.66071110283232e-05,0.00260363102767162
"ENSG00000142102",1.05805613520944,2.98979803950839,2.67057670618875e-05,0.00260363102767162
"ENSG00000125629",-0.774618177613007,5.08598903434603,2.69805933711941e-05,0.00261051307039909
"ENSG00000226037",-2.67573095620071,-1.48750651076577,2.71329083867415e-05,0.00261051307039909
"ENSG00000230712",1.18167602113075,0.37058730330352,2.71398369892044e-05,0.00261051307039909
"ENSG00000227742",-1.25620538329951,0.260490695244105,2.73045041878167e-05,0.00261467932102533
"ENSG00000049319",0.72599761948334,6.19660677086687,2.8023042576741e-05,0.00267161272282505
"ENSG00000268189",0.551065829630589,1.91590179666785,2.83931401452111e-05,0.00269497179545691
"ENSG00000267322",0.602846453248581,3.99424025547212,2.96596478429527e-05,0.00280283672115903
"ENSG00000185267",-0.631733629442279,1.8004245748848,3.02416419078824e-05,0.00284535553077395
"ENSG00000197122",0.581066457807227,2.70840263281687,3.10309909811589e-05,0.00290692926817413
"ENSG00000080910",-0.407530433253215,9.03159975396294,3.13776668678035e-05,0.00292668056421513
"ENSG00000133475",1.00535864138393,2.3612577701847,3.16142395658654e-05,0.00293603623140576
"ENSG00000170458",-0.502993144260446,7.78171526354228,3.21039803093278e-05,0.00296872257401192
"ENSG00000172818",2.64180455322822,-1.72637562143516,3.23203452322988e-05,0.00297595794177397
"ENSG00000163110",-0.373841297465376,5.92850436024337,3.25903772695335e-05,0.00298805220701859
"ENSG00000114739",-0.786622592777338,2.09556807674662,3.35735302583128e-05,0.00306514950400682
"ENSG00000204872",1.4834361781137,0.267410893769247,3.453931584141e-05,0.00314001729586084
"ENSG00000178401",0.382929942383269,5.10118098610971,3.51255856910967e-05,0.00317989861050575
"ENSG00000138018",-0.438395034537872,3.97265764902307,3.53034868868809e-05,0.00318263149985245
"ENSG00000254695",-1.72451575432028,-0.717785842588101,3.61468467900535e-05,0.00324508317057705
"ENSG00000176148",-0.585447726313492,3.35465532685214,3.63952677902548e-05,0.00325382755107399
"ENSG00000108381",-0.618991892513208,2.69600021221425,3.69857184389758e-05,0.00328853939764429
"ENSG00000235750",-1.25014776218125,2.71569358841266,3.70887901989957e-05,0.00328853939764429
"ENSG00000144749",-0.516126327339034,3.34836985329662,3.83500893600169e-05,0.0033864386284874
"ENSG00000240521",1.82859839240726,0.325819582101279,3.89326847002741e-05,0.0034238515287841
"ENSG00000072840",1.16659080527299,1.80969424117796,4.00215737593602e-05,0.00350530417975274
"ENSG00000203867",1.11249412618988,-0.43599971010855,4.07821008646193e-05,0.00355745402926756
"ENSG00000240045",2.92347538845315,-1.32004744958892,4.13125760726203e-05,0.00358919662927692
"ENSG00000138356",-0.650709846673009,8.45603908845615,4.15644509959975e-05,0.00359657695244884
"ENSG00000222414",-1.42501551726898,-1.19429189964442,4.2323847940077e-05,0.0036476385108676
"ENSG00000106511",-2.04327715373933,0.626431561936435,4.27491402382736e-05,0.00366961344850136
"ENSG00000111912",-0.59865914857906,4.09473855225618,4.37792516420641e-05,0.00374312601539648
"ENSG00000133858",0.488232757958133,2.9898378980288,4.41476050552717e-05,0.00375970078466753
"ENSG00000127831",-1.08448384628132,3.04862486892585,4.44736896175136e-05,0.00376385548377671
"ENSG00000074276",1.35365745963966,4.15514838738882,4.45457694404094e-05,0.00376385548377671
"ENSG00000132329",-1.25264076091609,4.52756282120896,4.51838552801896e-05,0.00380285681979283
"ENSG00000090512",-0.482650457484816,6.44113804753839,4.63099701344645e-05,0.00388246932496954
"ENSG00000197421",0.692736439806942,2.73512343577892,4.74540553741982e-05,0.00396296541508711
"ENSG00000112996",-0.432680961245831,3.75080264806351,4.80449826717611e-05,0.00399682315307245
"ENSG00000140968",-0.754017185736556,3.41282157168617,4.89586344196836e-05,0.00405655697373276
"ENSG00000124253",-0.692932763722049,9.71859615865752,4.91395790468881e-05,0.00405655697373276
"ENSG00000188153",1.30323205466885,0.574966954146988,4.99396517495283e-05,0.00410686922364633
"ENSG00000167110",0.501547410699989,4.01674358623197,5.08141109263407e-05,0.00416289290501497
"ENSG00000131507",-0.368146496896333,6.18053260433536,5.16479180660333e-05,0.00420944755498798
"ENSG00000162065",0.918117316443305,0.586482766115337,5.17731180762933e-05,0.00420944755498798
"ENSG00000010610",-0.657292376961102,5.45046067650776,5.34920053886351e-05,0.00431861147545684
"ENSG00000001084",-0.443121539188859,5.49292103766919,5.35166278635002e-05,0.00431861147545684
"ENSG00000040608",0.809171505018626,1.4086974041085,5.40299383461393e-05,0.00433726348463308
"ENSG00000196616",-0.532572158049834,11.4742675034129,5.41503702481341e-05,0.00433726348463308
"ENSG00000198752",0.470795197919564,4.23346002080183,5.63536707452355e-05,0.00449702292546979
"ENSG00000205981",-0.32035214988787,5.67351222161856,5.70772558820405e-05,0.00453795776839279
"ENSG00000135547",-0.574890320956823,2.69927854088157,5.74425145068676e-05,0.00455020741751827
"ENSG00000164825",0.796193619678438,7.22725983526749,5.89476565563726e-05,0.00465233043283372
"ENSG00000167772",-1.03123588225497,5.19049212046934,5.97473572144708e-05,0.00469504554243383
"ENSG00000119383",0.449442597971158,3.65507549395437,6.00636236436382e-05,0.00469504554243383
"ENSG00000142166",-0.359966580258008,5.39539586968844,6.02475353064467e-05,0.00469504554243383
"ENSG00000155158",-0.628584406616999,2.52068200463651,6.0360513100073e-05,0.00469504554243383
"ENSG00000229644",-0.820603705056865,4.50686888878597,6.09853121304831e-05,0.00471005811981184
"ENSG00000119820",-0.38662414944151,5.13695241912103,6.09907275330689e-05,0.00471005811981184
"ENSG00000159200",-0.617433646589418,5.87668101854918,6.15266851652452e-05,0.00473447842346562
"ENSG00000135476",-1.25926269387404,0.471267302157312,6.21583367489761e-05,0.00476606236154249
"ENSG00000267992",1.07302815950976,-0.598792713985767,6.40049779035526e-05,0.00489025267343952
"ENSG00000259923",1.42773210221968,-0.325370416834509,6.46674768202213e-05,0.0049210340487005
"ENSG00000151224",-0.490109376468019,9.57320767488499,6.51306744497315e-05,0.0049210340487005
"ENSG00000125430",-0.495293869352628,5.13553259354222,6.52819157229258e-05,0.0049210340487005
"ENSG00000197487",2.10045300144753,-0.878052264987613,6.53214396142367e-05,0.0049210340487005
"ENSG00000266953",0.646072183767201,1.97334178136212,6.71397171711671e-05,0.00504039145006957
"ENSG00000143630",0.424574256731918,4.5408095273607,6.77721756109151e-05,0.00507000575716368
"ENSG00000160202",0.792949384768562,4.06280857224993,6.80048112791378e-05,0.00507000575716368
"ENSG00000196553",-0.870833654941013,2.36905484417523,6.87534514167404e-05,0.00510814435939686
"ENSG00000211891",5.27841334156501,-1.19521400873676,6.9986026442249e-05,0.00518185197843539
"ENSG00000124374",-0.378051879732861,4.15887381226791,7.06519579548886e-05,0.00521324344553435
"ENSG00000126870",0.588292029821817,2.60683283574384,7.13645127813932e-05,0.00524784912077781
"ENSG00000254635",-0.448630506254126,3.56051596113988,7.20123676196537e-05,0.00527747779841177
"ENSG00000157303",0.872864965154516,2.85852660539517,7.30498585507322e-05,0.00533536356723416
"ENSG00000169410",-0.593332537834531,2.75866437235437,7.339110057787e-05,0.00534217788192833
"ENSG00000160781",1.72824867128562,-0.883195072111471,7.61797427455923e-05,0.00552649406463479
"ENSG00000089775",-0.362591872839238,6.43581726155421,7.88553778688242e-05,0.00570140258913318
"ENSG00000237533",1.48820462919648,-1.2936783675664,7.95929339890447e-05,0.00573548279507678
"ENSG00000232637",0.502203231525843,3.95668636809468,7.99319925546969e-05,0.00574071570527833
"ENSG00000167363",0.689074231951755,2.20436202847354,8.04288708750407e-05,0.00574527971529315
"ENSG00000236044",1.40984881463737,-0.789309084069314,8.0528844055441e-05,0.00574527971529315
"ENSG00000107669",-0.42851560533243,3.75102757479345,8.08987719749906e-05,0.00575262356756815
"ENSG00000163751",2.20965406133821,-0.0110537694936755,8.13785627597351e-05,0.00576770563559623
"ENSG00000106536",0.58053938297745,3.98524779518962,8.18649089771125e-05,0.00578315189777333
"ENSG00000066455",-0.407665802267612,4.47707304022771,8.72457903354434e-05,0.00613651206951385
"ENSG00000140093",-0.410007471748449,7.28701868035402,8.79963160978924e-05,0.00613651206951385
"ENSG00000169710",0.823631886843874,4.87281080040434,8.81969936123035e-05,0.00613651206951385
"ENSG00000101290",-0.474346192043886,4.20624554968668,8.83311585206665e-05,0.00613651206951385
"ENSG00000180447",-1.13198603507934,0.465253728483886,8.84547789884725e-05,0.00613651206951385
"ENSG00000054282",-0.423502112898781,4.14768768543918,8.85758495135434e-05,0.00613651206951385
"ENSG00000100031",0.899596725811047,4.63836285641007,8.93665431076959e-05,0.00617144723653338
"ENSG00000205517",0.640052822279421,1.62852479291227,9.09830974341683e-05,0.00626300900101147
"ENSG00000130164",-0.701208361150222,5.029896881957,9.19252097875065e-05,0.00630770882191597
"ENSG00000156265",-0.692388132107733,1.79593889621406,9.30830567104203e-05,0.00636688107899275
"ENSG00000258460",-1.72748373946079,0.0251966748276552,9.40404378132638e-05,0.00641201035798918
"ENSG00000105088",1.1646806982702,3.8417022050075,9.51971683716908e-05,0.00647040438402665
"ENSG00000157557",-0.554059517075481,5.87225336245711,9.6451714815293e-05,0.00652386344430425
"ENSG00000166741",-1.39535161279481,8.42681938860162,9.65892712676625e-05,0.00652386344430425
"ENSG00000250056",-0.487647513047801,5.64572361834771,9.93698967644398e-05,0.00667017523181182
"ENSG00000183038",1.09683101581455,0.858845625772825,9.94498170162332e-05,0.00667017523181182
"ENSG00000181123",0.447293087740474,4.04858335424537,9.96842302350045e-05,0.00667017523181182
"ENSG00000116785",-1.00828193239374,7.33255001034326,0.00010151413922932,0.00677159022859114
"ENSG00000267858",0.53045181903756,2.0456893468825,0.000102233608999995,0.00678652917535043
"ENSG00000189280",-2.18410040868644,-1.77243069795063,0.000102443033430954,0.00678652917535043
"ENSG00000166797",-0.362494817853983,6.81144836207817,0.000102683027530133,0.00678652917535043
"ENSG00000245857",0.734513593997976,7.32042365653223,0.000103945128434636,0.00679109670545936
"ENSG00000162980",-0.416461449011246,5.11433792756778,0.000104368980407705,0.00679109670545936
"ENSG00000236524",-0.44338096974196,6.30759646131081,0.000104533612833327,0.00679109670545936
"ENSG00000211652",5.06463546037525,0.704178083094516,0.000104923404633931,0.00679109670545936
"ENSG00000118898",0.421939980875785,2.96372256699679,0.000105064000457217,0.00679109670545936
"ENSG00000165953",-2.39277299558875,0.422356134894796,0.000105243617852076,0.00679109670545936
"ENSG00000100448",2.37189197367087,-0.257289335585855,0.000105245293115936,0.00679109670545936
"ENSG00000137876",-0.385714181462868,4.59883316169658,0.000105273660986885,0.00679109670545936
"ENSG00000150540",-0.333399725063156,6.72354964276139,0.000105965696713576,0.00681533403400213
"ENSG00000172828",0.557992431818951,4.4486056940718,0.000107073332753645,0.00686545819397273
"ENSG00000155792",-0.466485830067557,3.34052754514434,0.000107692000763042,0.00686545819397273
"ENSG00000204616",2.13503597022502,-1.22843529467099,0.000108174853235031,0.00686545819397273
"ENSG00000129596",-0.398003996212875,7.91112071458431,0.000108190968588855,0.00686545819397273
"ENSG00000152154",1.29687276577224,-0.0203450393002712,0.00010861475506368,0.00686545819397273
"ENSG00000126246",-1.30193169015026,-1.15604193825905,0.000108656884996969,0.00686545819397273
"ENSG00000229740",-0.5550392971615,3.79374229401717,0.00011051088783447,0.0069621859335716
"ENSG00000256043",-0.423170366934107,5.68985026826008,0.000111157885564188,0.00698253003605243
"ENSG00000101846",-0.648151855438374,2.43741273848523,0.000113001852756794,0.00706457896302286
"ENSG00000170677",-0.538372454917452,3.56480752615028,0.000113119824665501,0.00706457896302286
"ENSG00000139289",-1.01437664828282,4.82281279451199,0.00011415704007034,0.00709926170395615
"ENSG00000055130",-0.351190207517975,4.7511373721849,0.000114334159995952,0.00709926170395615
"ENSG00000108352",0.933662852001397,1.07168211612144,0.000116030235026235,0.00716440082346283
"ENSG00000120802",-0.583068326264641,4.0990773894102,0.000116048263593638,0.00716440082346283
"ENSG00000173991",2.05576031191539,-0.371469785099132,0.000116807926321138,0.00719069594432923
"ENSG00000245017",-0.709654052626777,1.66063722895083,0.000118437762814046,0.00727025651735454
"ENSG00000117228",-0.649635878686728,4.37940930187112,0.000119313909258807,0.00728649889898935
"ENSG00000100814",-0.457953771634257,3.6096022005545,0.00011937872975695,0.00728649889898935
"ENSG00000215513",0.520339042895358,2.77108074998336,0.000121256853442412,0.0073802264527407
"ENSG00000132879",0.541965957604849,2.54291516805766,0.000122001246082923,0.00740461647352859
"ENSG00000135069",-0.584066119471742,6.72878645963988,0.000122983900019353,0.00744328963431738
"ENSG00000261390",-0.815819917728408,2.13177849512467,0.000124327946416632,0.00750355723667439
"ENSG00000247095",0.748627963752565,1.09120191246875,0.000124772915985178,0.00750937778719733
"ENSG00000186301",0.476141362469716,5.65120011894575,0.000125184677108487,0.00751317284952495
"ENSG00000183044",-0.352547066509678,7.17191587805548,0.000125641920448772,0.00751966893885899
"ENSG00000159788",0.404549246717251,3.33656251075688,0.000127161756962897,0.00757457822652957
"ENSG00000178795",0.957551159352762,1.2901587744426,0.000127262476469122,0.00757457822652957
"ENSG00000042493",1.02936913222447,1.20408076233774,0.000131233661925684,0.00778942280950631
"ENSG00000177732",0.827967376808991,0.919617149138688,0.000131890283561653,0.00779978298003921
"ENSG00000184887",-0.576984663940755,2.96544991110322,0.000132132218867275,0.00779978298003921
"ENSG00000108474",-0.308706664743194,4.42487403811187,0.00013426056611617,0.00790376545775683
"ENSG00000211662",2.97247689668136,1.41487124506412,0.000136033260257917,0.00796992626132883
"ENSG00000147642",-1.05103165525821,4.7997986348915,0.000136124239495452,0.00796992626132883
"ENSG00000171954",0.647611104162375,2.00084044843761,0.000136990141298062,0.0079988877626234
"ENSG00000223401",-0.894799412493271,1.7371505117894,0.000138329912412607,0.00805528727795141
"ENSG00000115271",-0.466848974395722,3.00744051583541,0.000139210822133704,0.00808473416089698
"ENSG00000132824",-0.344730599186943,5.88651693172917,0.000140322130567884,0.00812736727208502
"ENSG00000114698",-0.550220863553437,4.5608093522458,0.000141219907489668,0.00815743733719137
"ENSG00000145332",-0.482022555286159,3.20952863854361,0.000142753680007668,0.00822398606803534
"ENSG00000124120",0.491404249055264,4.47798361260582,0.00014554929215008,0.00834592585271604
"ENSG00000154153",-0.867328697970138,4.81153111822531,0.000145769605733069,0.00834592585271604
"ENSG00000113389",0.712857885941768,1.00691646715743,0.00014603239796129,0.00834592585271604
"ENSG00000165802",0.692105029813199,2.37984079951315,0.000147238963293162,0.00839262090771023
"ENSG00000064607",0.433683140810023,3.21796459984714,0.000147991695532045,0.00841326931908558
"ENSG00000173950",0.791841337392025,0.780877705130876,0.000149017678956053,0.0084493023968082
"ENSG00000175336",-0.604115154118245,7.26290418175504,0.000149663000921906,0.00846361946945768
"ENSG00000076924",0.83867915808516,1.4819647833604,0.000151223667537959,0.00850948361746517
"ENSG00000225542",1.7896209853783,-0.741560150410836,0.000151263910957447,0.00850948361746517
"ENSG00000230582",1.22275172188021,-0.840403677640878,0.000151812052273109,0.00851807937051146
"ENSG00000182901",-1.04068330187573,0.692197639073342,0.000152354549063046,0.00852631458211007
"ENSG00000235290",-1.3862264105094,0.770074179178291,0.000153866215044314,0.00858860484286212
"ENSG00000256947",-1.28528076889302,8.78892993601465,0.000155272094127562,0.00864468356607868
"ENSG00000176034",1.01109135986405,0.31650830922961,0.000156635446905951,0.00869811169854543
"ENSG00000234982",-2.16217337828033,-1.69523133159157,0.000159035789562502,0.00877554818633778
"ENSG00000140307",-0.391093402344062,4.03414264207553,0.000159121270680427,0.00877554818633778
"ENSG00000131951",0.815776654065367,2.15127249268277,0.000159499574735684,0.00877554818633778
"ENSG00000172594",-0.504148952722019,5.02965310364851,0.000160446848056833,0.00877554818633778
"ENSG00000203995",0.849148236169521,-0.213164944006549,0.00016055557574749,0.00877554818633778
"ENSG00000228451",0.710012040981002,0.686526063657251,0.000160965575275521,0.00877554818633778
"ENSG00000127129",2.21852477846332,-0.817112862005505,0.000161296555720128,0.00877554818633778
"ENSG00000061938",0.76362340376992,1.59590970829384,0.000161400412445162,0.00877554818633778
"ENSG00000148572",-0.515753117192461,4.67422989346963,0.000161695564372788,0.00877554818633778
"ENSG00000078900",1.16964745947832,-0.552059288240469,0.000164040337317766,0.00886490950315591
"ENSG00000114270",2.55399136747397,-0.455635358782613,0.000164164990799183,0.00886490950315591
"ENSG00000206129",-1.55002848190688,0.315658600979044,0.000164755955553485,0.00887457954588849
"ENSG00000248050",-1.99820916437911,1.72124983636534,0.000165239452771206,0.00887842705588133
"ENSG00000095970",2.09057267785662,-0.256774428218326,0.000165815375814915,0.00888720917240833
"ENSG00000135052",0.64283969859017,3.03886077938855,0.000167396053190987,0.00892097056981937
"ENSG00000267564",2.7732089346091,-1.52670314758667,0.000167406039159747,0.00892097056981937
"ENSG00000198270",-0.464004472606821,3.27265528103212,0.000167687416725928,0.00892097056981937
"ENSG00000105835",-0.725701223049746,5.89379623205614,0.000170392889671075,0.00904257438633737
"ENSG00000081377",-0.437380648692406,4.58245671000098,0.000171801442107932,0.00909492351758602
"ENSG00000162595",-0.822385238329211,2.53447012824456,0.000172559019747029,0.00911263882222912
"ENSG00000225177",0.571977269958911,2.2465005929006,0.000173323939219338,0.00913065426508521
"ENSG00000043591",-1.71521810038098,-0.837715905323271,0.000176544960766495,0.00927765298701197
"ENSG00000100714",-0.440999470714049,7.16782627600437,0.000177390376074173,0.00928132938255024
"ENSG00000151655",-0.3464846330774,9.25813109543662,0.000177476455286861,0.00928132938255024
"ENSG00000237070",-2.43476868401634,-0.267137635583245,0.000179686121863154,0.00937413361177608
"ENSG00000155096",-0.403105648962926,4.83125499345869,0.000181055371375133,0.00940649856280811
"ENSG00000236972",1.33676174696571,-0.180866495135882,0.000181179657642503,0.00940649856280811
"ENSG00000163297",-0.476608943391844,4.33278768219518,0.000184568411779801,0.0095594014428067
"ENSG00000147419",-0.323089358738807,5.25188732633586,0.000188689212964832,0.00973366239002087
"ENSG00000122203",-0.38777128343577,4.81612142814582,0.000188836483757019,0.00973366239002087
"ENSG00000179152",-0.379377698275403,4.96699123119701,0.000189457302436648,0.00974235570000006
"ENSG00000251039",-3.07160189547887,0.425698793344625,0.000190305209440595,0.0097626572443025
"ENSG00000165376",-0.89267236156052,4.49552877979684,0.000192252898280839,0.00981943154609865
"ENSG00000145335",0.966340257571831,1.89680467436094,0.000192323406314566,0.00981943154609865
"ENSG00000130173",1.04263081187834,5.86671518030793,0.000193126327879394,0.00983711550943127
"ENSG00000250697",-0.594953526282625,3.34758098087163,0.000193834383490827,0.0098498953459749
"ENSG00000101888",-0.734056261246714,1.92892641652948,0.000196593643065332,0.00996660384349563
"ENSG00000122194",-0.325242587559215,10.5420843281359,0.000197509787313573,0.00997641167997998
"ENSG00000257261",-0.61861982967189,2.03613285944628,0.00019792477899129,0.00997641167997998
"ENSG00000002822",-0.548145186217866,4.13164082583895,0.000198176190431237,0.00997641167997998
